focal_cirsium,partner,role,organ,relation,parasitoid_host,evidence_source,source_id,globi_exact_record_confirmed,evidence_scope,note
"Cirsium arvense","Apis mellifera","flower_visitor","flower","visitsFlowersOf","","USGS Pollinator Library / GloBI review","https://zenodo.org/records/16416566","yes","versioned_globi_source_review","423 indexed claims for exact named pair in this dataset; bee source plant target; visits are not verified pollen transfer"
"Cirsium vulgare","Bombus lapidarius","flower_visitor","flower","visits","","Bees of Ireland / GloBI review","https://zenodo.org/records/20547080","yes","versioned_globi_source_review","4 indexed visit claims; visitor response, not pollination effectiveness"
"Cirsium texanum","Melissodes coreopsis","interaction_only","unknown","interactsWith","","UT-UTBFL / GloBI review","https://zenodo.org/records/20600916","yes","versioned_globi_source_review","9 indexed interaction claims, head location and pollination role not established"
"Cirsium arvense","Harpalus rufipes","seed_consumption_nonhead","unspecified_seeds","eatenBy","","Pocock seed-carabid / GloBI review","https://zenodo.org/records/18429892","yes","versioned_globi_source_review","2 indexed paired claims; NOT an anthesis/head-localized seed-predation observation"
"Cirsium arvense","Xyphosia miliaria","head_seed_feeder","capitulum","larval_development_in_head","","Walker Hartley Jones 2008","10.1111/j.1365-2656.2008.01406.x","no","primary_literature","Exact tephritid species develops in capitula; larval feeding on achenes/pappi/receptacle; source verified"
"Cirsium arvense","Terellia ruficauda","head_seed_feeder","capitulum","larval_development_in_head","","Walker Hartley Jones 2008","10.1111/j.1365-2656.2008.01406.x","no","primary_literature","Exact tephritid species develops in capitula; larval feeding on achenes/pappi/receptacle; source verified"
"Cirsium arvense","Urophora stylata","head_seed_feeder","capitulum","larval_development_in_head","","Walker Hartley Jones 2008","10.1111/j.1365-2656.2008.01406.x","no","primary_literature","Exact tephritid species develops in capitula; larval feeding on achenes/pappi/receptacle; source verified"
"Cirsium arvense","Torymus chloromerus","head_seed_feeder_parasitoid","capitulum","parasitizes_head_tephritid_assemblage","tephritid assemblage (Xyphosia / Terellia / Urophora)","Walker Hartley Jones 2008","10.1111/j.1365-2656.2008.01406.x","no","primary_literature","Parasitoids of tephritids reared from C. arvense heads; this row does NOT assert exact per-tephritid pair"
"Cirsium arvense","Pteromalus elevatus","head_seed_feeder_parasitoid","capitulum","parasitizes_head_tephritid_assemblage","tephritid assemblage (Xyphosia / Terellia / Urophora)","Walker Hartley Jones 2008","10.1111/j.1365-2656.2008.01406.x","no","primary_literature","Parasitoids of tephritids reared from C. arvense heads; this row does NOT assert exact per-tephritid pair"
"Cirsium palustre","Terellia ruficauda","head_seed_feeder","capitulum","larval_development_in_head","","Masters Jones Rogers 2001","10.1007/s004420000569","no","primary_literature","Tephritid larvae in heads; root-herbivory experiment measures plant-mediated response"
"Cirsium palustre","Pteromalus elevatus","head_seed_feeder_parasitoid","capitulum","parasitoid_of","Terellia ruficauda","Masters Jones Rogers 2001","10.1007/s004420000569","no","primary_literature","Parasitoid of T. ruficauda in C. palustre capitula; parasitism percentage did not differ by root-herbivory treatment"
"Cirsium palustre","Torymus chloromerus","head_seed_feeder_parasitoid","capitulum","parasitoid_of","Terellia ruficauda","Masters Jones Rogers 2001","10.1007/s004420000569","no","primary_literature","Parasitoid of T. ruficauda in C. palustre capitula; parasitism percentage did not differ by root-herbivory treatment"
"Cirsium dissectum","Chaetostomella cylindrica","head_seed_feeder","capitulum","larval_seed_predation","","de Vere 2007 Biological Flora","10.1111/j.1365-2745.2007.01265.x","no","primary_literature","Recorded tephritid from seed heads across British Isles; species distributions vary among sites"
"Cirsium dissectum","Terellia ruficauda","head_seed_feeder","capitulum","larval_seed_predation","","de Vere 2007 Biological Flora","10.1111/j.1365-2745.2007.01265.x","no","primary_literature","Recorded tephritid from seed heads across British Isles; species distributions vary among sites"
"Cirsium dissectum","Terellia serratulae","head_seed_feeder","capitulum","larval_seed_predation","","de Vere 2007 Biological Flora","10.1111/j.1365-2745.2007.01265.x","no","primary_literature","Recorded tephritid from seed heads across British Isles; species distributions vary among sites"
"Cirsium dissectum","Tephritis conura","head_seed_feeder","capitulum","larval_seed_predation","","de Vere 2007 Biological Flora","10.1111/j.1365-2745.2007.01265.x","no","primary_literature","Recorded tephritid from seed heads across British Isles; species distributions vary among sites"
"Cirsium eriophorum","Bombus lapidarius","flower_visitor","flower","visits_flowers","","Tofts 1999 Biological Flora","10.1046/j.1365-2745.1999.00369.x","no","primary_literature","Adult visiting flowers, not verified effective pollination"
"Cirsium eriophorum","Chaetostomella cylindrica","head_seed_feeder","capitulum","larval_development_in_head","","Tofts 1999 Biological Flora","10.1046/j.1365-2745.1999.00369.x","no","primary_literature","Compiled species in flower/seed heads; original sources within Flora differ"
"Cirsium eriophorum","Terellia ruficauda","head_seed_feeder","capitulum","larval_development_in_head","","Tofts 1999 Biological Flora","10.1046/j.1365-2745.1999.00369.x","no","primary_literature","Compiled species in flower/seed heads; original sources within Flora differ"
"Cirsium eriophorum","Urophora stylata","head_seed_feeder","capitulum","larval_development_in_head","","Tofts 1999 Biological Flora","10.1046/j.1365-2745.1999.00369.x","no","primary_literature","Compiled species in flower/seed heads; original sources within Flora differ"
"Cirsium eriophorum","Xyphosia miliaria","head_seed_feeder","capitulum","larval_development_in_head","","Tofts 1999 Biological Flora","10.1046/j.1365-2745.1999.00369.x","no","primary_literature","Compiled species in flower/seed heads; original sources within Flora differ"
"Cirsium eriophorum","Larinus jaceae","head_seed_feeder","capitulum","head_larval_presence_or_reared","","Tofts 1999 Biological Flora","10.1046/j.1365-2745.1999.00369.x","no","primary_literature","Flower/seed head larval association or emerged/reared head association; diet and seed loss need study check"
"Cirsium eriophorum","Larinus turbinatus","head_seed_feeder","capitulum","head_larval_presence_or_reared","","Tofts 1999 Biological Flora","10.1046/j.1365-2745.1999.00369.x","no","primary_literature","Flower/seed head larval association or emerged/reared head association; diet and seed loss need study check"
"Cirsium eriophorum","Rhinocyllus conicus","head_seed_feeder","capitulum","head_larval_presence_or_reared","","Tofts 1999 Biological Flora","10.1046/j.1365-2745.1999.00369.x","no","primary_literature","Flower/seed head larval association or emerged/reared head association; diet and seed loss need study check"
"Cirsium eriophorum","Pteromalus vibulenus","head_seed_feeder_parasitoid","capitulum","parasitoid_of","Rhinocyllus conicus","Tofts 1999 Biological Flora","10.1046/j.1365-2745.1999.00369.x","no","primary_literature","Recorded parasitoid of R. conicus in C. eriophorum; also associates with T. ruficauda in C. palustre; do not conflate"
"Cirsium eriophorum","Vespidae sp.","bract_feeding_or_damage","phyllaries","attacks_phyllaries","","Tofts 1999 Biological Flora","10.1046/j.1365-2745.1999.00369.x","no","primary_literature","Adults have been observed altering bracts and drinking exudate; family level, not species count"
"Cirsium pitcheri","Larinus planus","head_seed_feeder","capitulum","oviposition_and_seed_loss","","Gijsman et al. 2020","https://doi.org/10.1016/j.gecco.2020.e00945","no","primary_literature","Head infestation associated with fewer mature seeds; bibliographic identifier requires source verification before quantitative import"
"Cirsium arvense","Urophora cardui","stem_gall_feeder","stem","stem_gall_host","","Prischmann et al. 2022","https://pmc.ncbi.nlm.nih.gov/articles/PMC9316070/","no","primary_literature","NEGATIVE ORGAN CONTROL: Urophora cardui gall is on stem, NOT capitulum; exclude from head-specific network"
"Cirsium vulgare","Megachile inermis","interaction_only","unknown","interactsWith","","Albert J Cook Arthropod Research Collection MSU-MSUC / GloBI source review","https://zenodo.org/records/18437460","yes","versioned_globi_source_review","35 source-indexed interactsWith relations for plant–bee pair; no verified flower contact or pollination efficacy"
"Cirsium sp.","Bombus huntii","interaction_only","unknown","interactsWith","","Dorey 2023 GloBI index review","https://zenodo.org/records/16416973","yes","versioned_globi_source_review","132 source-indexed interactsWith claims to genus-unresolved Cirsium sp.; not distinct plant species richness"
"Cirsium sp.","Bombus centralis","interaction_only","unknown","interactsWith","","Dorey 2023 GloBI index review","https://zenodo.org/records/16416973","yes","versioned_globi_source_review","100 source-indexed interactsWith claims to genus-unresolved Cirsium sp.; no head-local inference"
