focal_species,partner_taxon,life_stage,organ_or_microhabitat,documented_activity,source_precision,admitted_role,notes
"Cirsium eriophorum","Bombus lapidarius","adult","florets","adult_flower_visit","direct_observation_Tofts_source13","visitor_not_verified_pollinator","UK Tofts observation"
"Cirsium eriophorum","Brachypterus urticae","adult","florets","pollen_feeding","direct_observation_Tofts_source13","pollen_consumer_not_verified_pollinator","Tofts says often associated with Urtica"
"Cirsium eriophorum","Forficula auricularia","adult","seed_heads","shelter","direct_observation_Tofts_source13","head_shelter_no_predation_inferred","No seed-predation claim"
"Cirsium eriophorum","Vespidae sp.","adult","outer_phyllaries","wool_removal_and_exudate_drinking","direct_observation_Tofts_source13","bract_resource_exploitation_not_predation_or_pollination","Source describes removing wool and incising bracts"
"Cirsium eriophorum","Phycitodes binaevella","larva","flower_heads_buds","larval_presence","compilation_Tofts_source6","head_consumer_trophic_damage_not_quantified","Europe source not necessarily same British locality"
"Cirsium eriophorum","Myelois circumvoluta","larva","heads_or_stems","larval_phytophagy","compilation_Tofts_source1","organ_ambiguous_exclude_from_head_primary","Mixed organs"
"Cirsium eriophorum","Palloptera modesta","larva","flower_seed_heads","predation_or_saprophagy_ambiguous","compilation_Tofts_source7","not_confirmed_predator","May eat other Diptera or saprophage in tunnels"
"Cirsium eriophorum","Larinus sturnus","larva","flower_heads_buds","head_larval_feeding","compilation_Tofts_source6","head_flower_consumer","Recorded in continental Europe, not necessarily Britain"
"Cirsium eriophorum","Urophora stylata","larva","flower_seed_heads","gall_and_tissue_feeding","compilation_Tofts_source3_11","head_galler","Not Urophora cardui stem gall"
"Cirsium eriophorum","Rhinocyllus conicus","adult_emerging","flower_seed_heads","reared_from_head","rearing_account_Tofts_source12","in_head_presence_not quantified_fitness","Source records adults reared from head"
"Cirsium eriophorum","Pteromalus vibulenus","parasitoid_larva","Rhinocyllus_conicus_in_heads","endoparasitoid","rearing_account_Tofts_source11","verified_specific_host_in_eriophorum","Direct host relation, not insect access mechanism"
"Cirsium eriophorum","Pteromalus elevatus","parasitoid_larva","Terellia_ruficauda_in_other_plant","parasitoid_recorded_on_C_palustre_only","compilation_Tofts_source12_footnote_three_stars","DO_NOT_TREAT_AS_PRESENT_IN_ERI_OPHORUM","Explicit article footnote: reported only from C. palustre"
"Cirsium eriophorum","Torymus chloromerus","parasitoid_larva","Terellia_ruficauda_in_other_plant","parasitoid_recorded_on_C_palustre_only","compilation_Tofts_source12_footnote_three_stars","DO_NOT_TREAT_AS_PRESENT_IN_ERI_OPHORUM","Explicit article footnote: reported only from C. palustre"
