slot_class,member_id,taxon,public_tip_status,new_primary_samples,primary_use,old_public_accession_role,priority
H2,JPN_29,Cirsium verutum,BLOCKED_TAXON_CONCEPT_IDENTITY_GATE,2,NEW_WILD_JAPAN_PRIMARY_TIP,SENSITIVITY_ONLY_AFTER_IDENTITY_RESOLUTION,1
H2,JPN_31,Cirsium yuki-uenoanum,BLOCKED_IDENTITY_GEOGRAPHY_RESOLUTION,2,NEW_WILD_JAPAN_PRIMARY_TIP,SENSITIVITY_ONLY_AFTER_IDENTITY_RESOLUTION,1
H2,JPN_33,Cirsium effusum,BLOCKED_NAME_VOUCHER_CONCEPT_RESOLUTION,2,NEW_WILD_JAPAN_PRIMARY_TIP,SENSITIVITY_ONLY_AFTER_IDENTITY_RESOLUTION,1
H2,JPN_32,Cirsium buergeri,CULTIVATED_REFERENCE,2,NEW_WILD_JAPAN_PRIMARY_TIP,PROVENANCE_SENSITIVITY,2
H2,JPN_34,Cirsium microspicatum,CULTIVATED_REFERENCE,2,NEW_WILD_JAPAN_PRIMARY_TIP,PROVENANCE_SENSITIVITY,2
H2,JPN_35,Cirsium nipponicum,CULTIVATED_REFERENCE,2,NEW_WILD_JAPAN_PRIMARY_TIP,PROVENANCE_SENSITIVITY,2
H2,JPN_36,Cirsium sieboldii,CULTIVATED_REFERENCE,2,DRAW_FROM_P01_RAD_BANK,PROVENANCE_SENSITIVITY,2
H2,JPN_37,Cirsium kamtschaticum,FOREIGN_REFERENCE_FOR_JAPANESE_DISTRIBUTED_TAXON,2,NEW_WILD_JAPAN_PRIMARY_TIP,GEOGRAPHIC_SENSITIVITY,2
H2,JPN_38,Cirsium pendulum,FOREIGN_REFERENCE_FOR_JAPANESE_DISTRIBUTED_TAXON,2,NEW_WILD_JAPAN_PRIMARY_TIP,GEOGRAPHIC_SENSITIVITY,2
